{"cameraMode":{"drawMode":0,"name":"Shaded","section":"Shading Mode"},"sceneLighting":false,"audioPlay":false,"sceneViewState":{"m_AlwaysRefresh":true,"showFog":true,"showSkybox":true,"showFlares":true,"showImageEffects":true,"showParticleSystems":true,"showVisualEffectGraphs":true,"m_FxEnabled":true},"in2DMode":false,"pivot":{"x":7.583784580230713,"y":3.7697913646698,"z":3.5613903999328615},"rotation":{"x":-0.0015736696077510715,"y":0.9288501739501953,"z":-0.37045785784721377,"w":-0.003898796159774065},"size":7.177727699279785,"orthographic":false}